Артикул,Наименование товара,Barcode,Статус товара,Видимость сайте,Дата создания,"Доступно на складе Ozon, шт","Зарезервировано, шт","Доступно на моем складе, шт","Зарезервировано на моем складе, шт","Текущая цена с учетом скидки, руб.","Базовая цена (цена до скидок), руб."
1311,Патчи для глаз гидрогелевые G9 Pink Blur Hydrogel Eyepatch 100гр,OZN165460157,Продается,да,2020-01-08 15:31:50,0,0,10,0,1628.00,2000.00
1313,Патчи для глаз гидрогелевые с медом G9SKIN Honey Eye Patch,OZN165460156,Продается,да,2020-01-08 15:31:50,0,0,10,0,1532.00,2000.00
1127,Патчи для глаз BLACK SNAIL SLIME EYE PATCH 84гр/60шт,OZN165460158,Продается,да,2020-01-08 15:31:50,0,0,10,0,1099.00,2000.00
1225,Сыворотка для лица с лососевым маслом SALMON OIL NUTRITION SERUM 50ml 50мл,8809555250203,Продается,да,2020-01-12 16:56:34,0,0,10,0,1686.00,2000.00
1047,Сыворотка гиалуроновая Hyaluronic Acid Serum 100% 150мл,8809418750604,Продается,да,2020-01-12 16:56:34,0,0,10,0,1784.00,2500.00
1051,Сыворотка с экстрактом центеллы 100% Centella Asiatica Serum 100% 150мл,8809418750598,Продается,да,2020-01-12 16:56:34,0,0,10,0,1699.00,2000.00
1221,Крем для шеи с лососевым маслом SALMON & PEPTIDE NUTRITION NECK CREAM 50g,8809555251071,Не продается,нет,2020-01-12 16:56:34,0,0,0,0,1822.00,3000.00
1329,Палетка для макияжа губ G9SKIN First LIP Palette 8гр,8809211654406,Не продается,нет,2020-01-12 16:56:34,0,0,0,0,1079.00,1510.00
277,Маска альгинатная для пробл.кожи (пакет) 1кг Herb Lemongrass  Modeling Mask / Refill 1кг,8809329791444,Продается,да,2020-01-12 16:56:34,0,0,10,0,2678.00,4000.00
1464,Тональная основа Essence Cover Cushion No. 23 15гр,8809211654802,Не продается,нет,2020-01-12 16:56:34,0,0,0,0,1892.00,3000.00
2276,Крем для лица с экстрактом алоэ вера REAL SQUEEZE ALOE VERA CREAM 50мл,8806173424177,Не продается,нет,2020-01-12 16:56:34,0,0,0,0,2057.00,3000.00
2294,Тонер антивозрастной с арганой ARGAN 20º ESSENTIAL TONER 170мл,8806173425464,Не продается,нет,2020-01-12 16:56:34,0,0,0,0,1859.00,3000.00
1462,Тональная основа Essence Cover Cushion No. 21 15гр,8809211654796,Не продается,нет,2020-01-12 16:56:34,0,0,0,0,1892.00,3000.00
3136,Крем для лица гранатовый BLACK POMEGRANATE CREAM 50гр,8809327947201,Не продается,нет,2020-01-12 16:56:34,0,0,0,0,1181.00,1653.00
285,Маска альгинатная осветляющая (пакет) 1кг Snow White Modeling Mask / Refill 1кг,8809329791178,Продается,да,2020-01-12 16:56:34,0,0,10,0,2039.00,3000.00
295,Маска альгинатная укрепляющая (пакет) 1кг Dual Firming Modeling Mask / Refill 1кг,8809329791154,Продается,да,2020-01-12 16:56:34,0,0,10,0,1710.00,3000.00
289,Маска альгинатная от расшир. пор (пакет) 1кг Morocco Ghassoul Modeling Mask / Refill 1кг,8809329791192,Продается,да,2020-01-12 16:56:34,0,0,10,0,2799.00,4000.00
281,Маска альгинатная для чувствит. кожи (пакет) 1кг Herb Lavender Modeling Mask / Refill 1кг,8809329791451,Не продается,нет,2020-01-12 16:56:34,0,0,0,0,2824.00,4000.00
3464,Сыворотка для лица увлажняющая  Yuja Oil C Serum 50мл,8809511270184,Не продается,нет,2020-01-12 16:56:34,0,0,0,0,1343.00,1880.00
3408,Лосьон - Эссенция увлажняющая AQUA GRAPE BOUNCE ESSENCE LOTION 120мл,8809511273970,Не продается,нет,2020-01-12 16:56:34,0,0,0,0,2342.00,3000.00
3138,Тонер для лица гранатовый BLACK POMEGRANATE TONER 180мл,8809327947188,Не продается,нет,2020-01-12 16:56:34,0,0,0,0,1856.00,3000.00
3380,Крем для лица увлажняющий солевой 0.9 MOIST CREAM 100мл,8809511274403,Не продается,нет,2020-01-12 16:56:34,0,0,0,0,1952.00,3000.00
3466,Сыворотка кислородная увлажняющая AQUA GRAPE BOUNCE BUBBLE SERUM 120мл,8809511273956,Не продается,нет,2020-01-12 16:56:34,0,0,0,0,3119.00,4000.00
3828,Масло для лица антивозрастное CHAGA Facial Oil 30мл,8806164137185,Не продается,нет,2020-01-12 16:56:34,0,0,0,0,2546.00,4000.00
3890,Крем-бальзам для чувствительной кожи DERMA PLAN Ultra Balm Cream 60мл,8806164154069,Не продается,нет,2020-01-12 16:56:34,0,0,0,0,2354.00,3000.00
3808,Набор уходовый антивозрастной Cell Renew Bio Skin Care Special 2 Set N 150мл*150мл*30мл,8806164134221,Не продается,нет,2020-01-12 16:56:34,0,0,0,0,6020.00,10000.00
3836,Эмульсия антивозрастная обогащенная с экстрактрактом чаги CHAGA Anti-wrinkle Emulsion 140мл,8806164131732,Продается,да,2020-01-12 16:56:34,0,0,10,0,1950.00,2500.00
3888,Крем-бальзам для чувствительной кожи Derma Plan Enriched Balm Cream 60мл,8806164160084,Не продается,нет,2020-01-12 16:56:34,0,0,0,0,2354.00,3000.00
3898,Тонер для чувствительной кожи DERMA PLAN Soothing Toner 155мл,8806164154045,Не продается,нет,2020-01-12 16:56:34,0,0,0,0,1165.00,2000.00
3900,Эссенция ампульная успокаивающая Derma Plan Soothing Barrier Ampoule 50мл,8806164161517,Не продается,нет,2020-01-12 16:56:34,0,0,0,0,2354.00,3000.00
3892,Лосьон увлажняющий для чувствительной кожи DERMA PLAN Balancing Moisturizer 130мл,8806164154090,Не продается,нет,2020-01-12 16:56:34,0,0,0,0,2142.00,3000.00
4024,"Палетка теней для глаз Love Me Shadow Palette(Love Days) 1,5гр*20",8806164162552,Не продается,нет,2020-01-12 16:56:34,0,0,0,0,1659.00,2322.00
3894,Набор для чувствительной кожи DERMA PLAN Sensitive Soothing Treatment Special Set 30мл/10мл,8806164154076,Не продается,нет,2020-01-12 16:56:34,0,0,0,0,2354.00,3000.00
4346,Масло для лица Le Aro Facial Oil Jasmine 35мл,8806164159460,Не продается,нет,2020-01-12 16:56:35,0,0,0,0,1125.00,2000.00
4208,Сыворотка осветл. с фильтратом дрожжей The Essential Galactomyces Whitening Ampoule 30мл,8806164139943,Не продается,нет,2020-01-12 16:56:35,0,0,0,0,2389.00,4000.00
4310,Эссенция мужская минеральная Mineral Homme Black Essence 100мл,8806164148662,Не продается,нет,2020-01-12 16:56:35,0,0,0,0,1042.00,1458.00
4314,Эмульсия для лица осветляющая Mineral Homme White Emulsion 130мл,8806164128176,Продается,да,2020-01-12 16:56:35,0,0,10,0,955.00,1337.00
4344,Масло для лица Le Aro Facial Oil Chamomile 35мл,8806164159484,Не продается,нет,2020-01-12 16:56:35,0,0,0,0,1860.00,3000.00
4402,"Набор тинтов универсальный (2018 Limited Edition)Love Me Multi Pot Set 1,2гр*3",8806164160473,Не продается,нет,2020-01-12 16:56:35,0,0,0,0,1888.00,3000.00
4350,Масло для лица Le Aro Facial Oil Rose 35мл,8806164159477,Не продается,нет,2020-01-12 16:56:35,0,0,0,0,1125.00,2000.00
4348,Масло для лица Le Aro Facial Oil Lemon Tea tree 35мл,8806164159491,Не продается,нет,2020-01-12 16:56:35,0,0,0,0,1860.00,3000.00
4682,Сыворотка для лица увлажняющая Mervie Aquaura Serum 50мл,8806164157121,Не продается,нет,2020-01-12 16:56:35,0,0,0,0,2520.00,3000.00
4680,Крем для лица увлажняющий Mervie Aquaura Cream 60мл,8806164157114,Не продается,нет,2020-01-12 16:56:35,0,0,0,0,2489.00,3000.00
5300,Крем для кожи вокруг глаз с муцином улитки и вибромассажер Snail Essential EX 24K Gold Eye Cream Set 30мл,8806164127438,Не продается,нет,2020-01-12 16:56:35,0,0,0,0,8599.00,10000.00
475,Крем для лица питательный The Prestige Balancing Cream 50гр,8809211652440,Не продается,нет,2020-01-12 16:56:35,0,0,0,0,954.00,1335.00
5280,Крем для глаз антивозрастной Snail Essential EX Wrinkle Solution Eye Cream 30мл,8806164126271,Продается,да,2020-01-12 16:56:35,0,0,10,0,2924.00,4000.00
4686,Тонер для лица увлажняющий Mervie Aquaura Toner 150мл,8806164157107,Не продается,нет,2020-01-12 16:56:35,0,0,0,0,2152.00,3000.00
4986,Парфюмированная вода URBAN BREEZE -Vintage Water- 35мл,8806164132562,Не продается,нет,2020-01-12 16:56:35,0,0,0,0,1122.00,1570.00
5322,ББ крем гелевый  Eco Soul Spau Gel BB SPF30 PA++ 01 Light Beige,8806164122808,Продается,да,2020-01-12 16:56:35,0,0,10,0,1699.00,2500.00
5312,Тонер для лица Sooyeran Radiance Toner 150ml,8806164155608,Не продается,нет,2020-01-12 16:56:35,0,0,0,0,2599.00,3000.00
5414,Крем для лица с экстрактом телопеи Urban Eco Waratah Cream 60мл,8806164136324,Не продается,нет,2020-01-12 16:56:35,0,0,0,0,2236.00,3500.00
5310,Крем для кожи вокруг глаз для яркости кожи Sooyeran Radiance Eye Cream 30ml,8806164155622,Не продается,нет,2020-01-12 16:56:35,0,0,0,0,2582.00,3000.00
5410,Крем для кожи вокруг глаз с экстрактом телопеи Urban Eco Waratah Eye Cream 30мл,8806164153017,Не продается,нет,2020-01-12 16:56:35,0,0,0,0,2236.00,3000.00
5424,Тонер с экстрактом телопеи Urban Eco Waratah Toner 180мл,8806164152980,Продается,да,2020-01-12 16:56:35,0,0,10,0,1722.00,3000.00
565,Тонер успокаивающий AC Collection Calming Liquid Intensive 125мл,8809598450158,Не продается,нет,2020-01-12 16:56:35,0,0,0,0,2450.00,3000.00
567,Тонер успокаивающий AC Collection Calming Liquid Mild 125мл,8809598450141,Не продается,нет,2020-01-12 16:56:35,0,0,0,0,2546.00,3000.00
559,Крем точечный от акне AC Collection Ultimate Spot Cream 30гр,8809598450165,Не продается,нет,2020-01-12 16:56:35,0,0,0,0,2316.00,3000.00
5422,Набор уходовый с экстрактом телопеи Urban Eco Waratah Skin Care 2 Set 180мл/140мл/30мл,8806164153062,Продается,да,2020-01-12 16:56:35,0,0,10,0,3199.00,5000.00
573,Крем для лица с экстрактом центеллы Centella Blemish Cream 30гр,8809416470368,Не продается,нет,2020-01-12 16:56:35,0,0,0,0,1946.00,2499.00
579,Маска ночная низкокислотная Low PH BHA overnight mask 50мл,8809416470566,Не продается,нет,2020-01-12 16:56:35,0,0,0,0,1946.00,2499.00
581,Маска-спа ночная питательная с медом Ultimate Moisturizing Honey Overnight Mask 60мл,8809416470733,Продается,да,2020-01-12 16:56:35,0,0,10,0,1730.00,2000.00
591,Пады для лица успокаивающие One Step Green Hero Calming Pad 70шт,8809598450479,Не продается,нет,2020-01-12 16:56:35,0,0,0,0,1892.00,2499.00
585,Мист для лица low pha barrier mist 75мл,8809416471174,Продается,да,2020-01-12 16:56:35,0,0,10,0,1999.00,2500.00
603,Эссенция для сужения пор Two In One Poreless Power Liquid 100мл,8809416471655,Продается,да,2020-01-12 16:56:35,0,0,11,2,1999.00,2499.00
599,Тонер- крем 2 в 1 Light Fit Real Water Toner To Cream 130мл,8809598450462,Продается,да,2020-01-12 16:56:35,0,0,10,0,2054.00,2500.00
605,Эссенция увлажняющая с гиалуроновой кислотой Hyaluronic Acid Hydra Power Essence 100мл,8809416470184,Не продается,нет,2020-01-12 16:56:35,0,0,0,0,1101.00,1541.00
593,Патчи для лица многофункциональные Hydrogel Very Simple Pack 60шт,8809598450004,Продается,да,2020-01-12 16:56:35,0,0,10,0,2380.00,3000.00
5920,Набор для лица уходовый Hyo Yeon Jayang Skin Care 3 Items Set,8803348013532,Не продается,нет,2020-01-12 16:56:35,0,0,0,0,4114.00,4999.00
663,Набор уходовый антивозрастной ESTHEROCE HERB GOLD WHITENING & WRINKLE CARE ESSENCE & EYE CREAM SPECIAL SET 135мл/ 40гр,8809240761243,Готов к продаже,нет,2020-01-12 16:56:35,0,0,0,0,5772.00,5999.00
637,Сыворотка клеточного обновления кожи Набор ESTHEROCE 3D AMPOULE SET 18mlx5,8809240768617,Не продается,нет,2020-01-12 16:56:35,0,0,0,0,3130.00,4382.00
1936,Крем для лица восстанавл. с экстрактом трюфеля LABIOTTE TRUFFLE REVITAL CREAM 50мл,8809438534109,Не продается,да,2020-01-19 17:58:57,0,0,10,0,7524.00,10533.00
3024,Эссенция на основе молочных культур Starting Treatment Essence_Rose Edition 150мл,8809305994777,Не продается,да,2020-01-19 17:58:57,0,0,10,0,1870.00,2618.00
1027,Крем для лица пузырьковый с пептидами elizavecca peptide 3d fix elastic bubble facial cream 100гр,8809624500062,Не продается,да,2020-01-19 17:58:57,0,0,10,0,1558.00,2181.00
1510,Крем для глаз с пептидами JUNGNANI HYPER FACIAL EYE CREAM 30мл,8809443480699,Не продается,да,2020-01-19 17:58:57,0,0,10,0,1476.00,2066.00
2760,Маска кислородная для лица Black Out Pore Bubbling Pack 100гр,8809305999345,Не продается,да,2020-01-19 17:58:57,0,0,10,0,1500.00,2100.00
3036,Эмульсия с пептидом змеин. яда SYN-AKE Anti Wrinkle & Whitening Emulsion 150мл,8809305991288,Не продается,нет,2020-01-19 17:58:57,0,0,0,0,1646.00,2304.00
3820,Эссенция антивозрастная Cell Renew Bio Essence 60мл,8806164138007,Не продается,нет,2020-01-19 17:58:57,0,0,0,0,4166.00,5832.00
8313,Маска-патч для кожи вокруг глаз с плацентой Placenta Firming Hydrogel Eye Patch 60шт,8809211650569,Не продается,да,2020-01-19 17:58:57,0,0,10,0,1526.00,2136.00
4300,Эссенция с экстр. корня новозел. льна Urban Eco Harakeke Root Essence 55мл,8806164150054,Не продается,да,2020-01-19 17:58:57,0,0,10,0,1540.00,2156.00
8043,Гель для лица с мадекассоидом A'PIEU MADECASSOSIDE CICA GEL (AUTISTAR) 50мл,8809581455771,Продается,да,2020-01-19 17:58:57,0,0,10,0,1492.00,2088.00
867,Крем для век с муцином улитки DEOPROCE SNAIL GALAC-TOX REVITAL EYE CREAM  30гр,8809410030377,Не продается,да,2020-01-19 17:58:57,0,0,10,0,1499.00,2181.00
1938,Набор уходовый экстрактом трюфеля  TRUFFLE REVITAL SPECIAL SET 50мл/20мл,8809438538305,Готов к продаже,нет,2020-01-19 19:04:19,0,0,0,0,11347.00,15885.00
4690,Набор для лица уходовый Mervie Hydra Skin care 3 set 150мл/130мл/30мл,8806164155141,Готов к продаже,нет,2020-01-19 19:04:19,0,0,0,0,6794.00,9511.00
1498,Эссенция для лица с 24К золотом JNN-II PEPTIDE 24K GOLD SPARKLING ESSENCE 50мл,8809534250927,Не продается,нет,2020-01-20 10:21:25,0,0,0,0,1812.00,2536.00
1542,Сыворотка для лица с ретинолом набор JUNGNANI TRUFFLE ALL-DAY DROP 4 SET (DAY & NIGHT)  13мл*4,8809534250279,Не продается,нет,2020-01-20 10:21:25,0,0,0,0,1800.00,2520.00
1844,Тонер для лица  LOTUS TOTAL RECOVERY SOFTENER 150мл,8809438539807,Не продается,нет,2020-01-20 10:21:25,0,0,0,0,4006.00,5608.00
1792,Эссенция с экстрактом дрожжей LABIOTTE FRENIQ TURN OVER FIRST ESSENCE 150мл,8809438534741,Не продается,нет,2020-01-20 10:21:25,0,0,0,0,3022.00,4230.00
1514,Набор уходовый с пептидами JUNGNANI HYPER FACIAL NUTRITION SKIN CARE 3 SYSTEM 40мл/50мл/30мл,8809443480767,Не продается,нет,2020-01-20 10:21:25,0,0,0,0,5558.00,7781.00
2530,Крем для лица с 24к золотом и экстрактом улитки SEANTREE Snail Gold 24K Cream 50g,8809476692458,Не продается,нет,2020-01-20 10:21:25,0,0,0,0,6074.00,8503.00
2552,Крем для лица паровой SEANTREE  STEAM CREAM(W)-N006 200гр,8809476694261,Не продается,нет,2020-01-20 10:21:25,0,0,0,0,2878.00,4029.00
1940,Эссенция восстанавливающая с экстрактом трюфеля TRUFFLE REVITAL ESSENCE 50мл,8809438531047,Не продается,нет,2020-01-20 10:21:25,0,0,0,0,6584.00,9217.00
1846,Эмульсия для лица LOTUS TOTAL EMULSION-C 150мл,8809438539814,Не продается,нет,2020-01-20 10:21:25,0,0,0,0,4006.00,5608.00
2666,Сыворотка гиалуроновая Hyaluron Ampoule 100 100ml,8809476692427,Не продается,нет,2020-01-20 10:21:25,0,0,0,0,2574.00,3603.00
5712,Сыворотка ампульная с прополисом и медом TheYEON Jeju Canola Honey Ampoule Propolis 50мл,8809398632631,Не продается,нет,2020-01-20 10:21:25,0,0,0,0,1908.00,2671.00
5708,Крем-бальзам для лица увлажняющий TheYEON Jeju Canola Honey Water Balm Cream Propolis 50гр,8809398632648,Не продается,нет,2020-01-20 10:21:25,0,0,0,0,2436.00,3410.00
3676,Гидрофильное масло питательное  REAL BLEND RICH CLEANSING OIL,8806182528569,Не продается,нет,2020-01-20 10:21:25,0,0,0,0,1770.00,2478.00
5296, THE SAEM Эссенция антивозрастная Snail Essential EX Wrinkle Solution Essence 50мл,8806164126257,Не продается,нет,2020-01-20 10:21:25,0,0,0,0,3118.00,4365.00
2668,Сыворотка для лица для всех типов кожи SEANTREE ALL TYPE DOUBLE SERUM 100мл,8809476696951,Не продается,нет,2020-01-20 10:21:25,0,0,0,0,2368.00,3315.00
5772,Крем с каламином CALAMINE REFINING CREAM 45мл,8809398633508,Не продается,нет,2020-01-20 10:21:25,0,0,0,0,2522.00,3530.00
5950,Набор для лица уходовый успокаивающий Kwailnara Claus The Activator Calming Set 2  150мл*2 / *30мл*2,8803348016748,Не продается,нет,2020-01-20 10:21:25,0,0,0,0,2422.00,3390.00
5758,Крем для лица увлажняющий TheYEON Lotus Roots 365 Moisture Bubble Cream 50мл,8809398631689,Не продается,нет,2020-01-20 10:21:25,0,0,0,0,2438.00,3413.00
755,"Помада для губ DEOPROCE SILKY LIPSTICK 3.7g #05 STAGE PURPLE 3,7гр",8809410033040,Не продается,нет,2020-01-20 15:58:54,0,0,0,0,504.00,705.00
749,Помада для губ DEOPROCE SILKY LIPSTICK 3.7g #02 LOVELY PINK 3.7гр,8809410033019,Не продается,нет,2020-01-20 15:58:54,0,0,0,0,504.00,705.00
757,Помада для губ DEOPROCE SILKY LIPSTICK 3.7g #06 THEME PINK 3.7гр,8809410033057,Не продается,нет,2020-01-20 15:58:54,0,0,0,0,504.00,705.00
747,Помада для губ DEOPROCE SILKY LIPSTICK 3.7g #01 PERSIMMON 3.7гр,8809410033002,Не продается,нет,2020-01-20 15:58:54,0,0,0,0,504.00,705.00
759,Помада для губ DEOPROCE SILKY LIPSTICK 3.7g #07 ROMANTIC PINK 3.7гр,8809410033064,Не продается,нет,2020-01-20 15:58:54,0,0,0,0,504.00,705.00
769,"Помада для губ DEOPROCE SILKY LIPSTICK 3.7g #12 FUN FUN PEACH 3,7гр",8809410033118,Не продается,нет,2020-01-20 15:58:54,0,0,0,0,504.00,705.00
767,"Помада для губ DEOPROCE SILKY LIPSTICK 3.7g #11 HONEY PINK 3,7гр",8809410033101,Не продается,нет,2020-01-20 15:58:54,0,0,0,0,504.00,705.00
775,"Помада для губ DEOPROCE SILKY LIPSTICK 3.7g #15 ANGEL ORANGE 3,7гр",8809410033149,Не продается,нет,2020-01-20 15:58:54,0,0,0,0,504.00,705.00
761,Помада для губ DEOPROCE SILKY LIPSTICK 3.7g #08 SUNRISE 3.7гр,8809410033071,Не продается,нет,2020-01-20 15:58:54,0,0,0,0,504.00,705.00
765,Помада для губ DEOPROCE SILKY LIPSTICK 3.7g #10 RAIN SHOWER 3.7гр,8809410033095,Не продается,нет,2020-01-20 15:58:54,0,0,0,0,504.00,705.00
781,Помада для губ DEOPROCE SILKY LIPSTICK 3.7g #19 AZALEA 3.7гр,8809410033187,Не продается,нет,2020-01-20 15:58:55,0,0,0,0,504.00,705.00
793,Помада для губ DEOPROCE SILKY LIPSTICK 3.7g #25 PALE PURPLE 3.7гр,8809410033248,Не продается,нет,2020-01-20 15:58:55,0,0,0,0,504.00,705.00
779,Помада для губ DEOPROCE SILKY LIPSTICK 3.7g #18 BROWN PEARL 3.7гр,8809410033170,Не продается,нет,2020-01-20 15:58:55,0,0,0,0,504.00,705.00
777,"Помада для губ DEOPROCE SILKY LIPSTICK 3.7g #16 SUNGLOSS ORANGE 3,7гр",8809410033156,Не продается,нет,2020-01-20 15:58:55,0,0,0,0,504.00,705.00
783,Помада для губ DEOPROCE SILKY LIPSTICK 3.7g #20 METAL ORANGE 3.7гр,8809410033194,Не продается,нет,2020-01-20 15:58:55,0,0,0,0,504.00,705.00
799,"Помада для губ DEOPROCE SILKY LIPSTICK 3.7g #28 PASTEL ROSE 3,7гр",8809410033279,Не продается,нет,2020-01-20 15:58:55,0,0,0,0,504.00,705.00
797,Помада для губ DEOPROCE SILKY LIPSTICK 3.7g #27 MILKY BROWN 3.7гр,8809410033262,Не продается,нет,2020-01-20 15:58:55,0,0,0,0,504.00,705.00
803,Помада для губ DEOPROCE SILKY LIPSTICK 3.7g #31 SHINY PINK 3.7гр,8809410033309,Не продается,нет,2020-01-20 15:58:55,0,0,0,0,504.00,705.00