"1"; "BERRISOM Крем для лица антивозрастной пробник Berrisom TIMETOX Revitalizing Cream pouch  2мл"; "2000763421478"; "BERRISOM"; "12";"None"
"2"; "COSRX Крем для лица солнцезащитный с алое пробник  Aloe Soothing Sun Cream SPF50 PA+++ SAMPLE"; "8809598450363"; "COSRX"; "25";"https://beautyty.org/wp-content/uploads/2019/01/8809598450363_1.jpg"
"3"; "COSRX Крем для лица с фильтратом улитки пробник SAMPLE_Advanced Snail 92 All in one Cream"; "2000763422956"; "COSRX"; "28";"None"
"4"; "COSRX Маска-спа ночная питательная с медом пробник Ultimate Moisturizing Honey Overnight Mask sample 1,2мл"; "8809598450356"; "COSRX"; "28";"None"
"5"; "COSRX Эссенция для лица с фильтратом улитки 20мл Advanced Snail 96 Mucin Power Essence 20ml"; "8809598450264"; "COSRX"; "394";"None"
"6"; "Daeng Gi Meo Ri Шампунь для укрепления волос New Gold Black Shampoo 7"; "2000763424882"; "Daeng Gi Meo Ri"; "11";"None"
"7"; "Daeng Gi Meo Ri Масло для волос Professional THERAPY ESSENCE OIL 4"; "2000763424103"; "Daeng Gi Meo Ri"; "13";"None"
"8"; "Daeng Gi Meo Ri Шампунь DAENG GI MEO RI SHAMPOO For damaged hair 7"; "3"; "Daeng Gi Meo Ri"; "8";"None"
"9"; "EYENLIP Крем для лица многофункциональный Black Snail All In One Cream 15ml  sample 15мл"; "2000763423915"; "EYENLIP"; "83";"https://beautyty.org/wp-content/uploads/2019/01/2000763423915.jpg"
"10"; "EYENLIP Крем-лифтинг коллагеновый COLLAGEN POWER LIFTING CREAM 15ml  sample 15мл"; "2000763423922"; "EYENLIP"; "83";"https://beautyty.org/wp-content/uploads/2019/01/2000763423922.jpg"
"11"; "EYENLIP Крем-лифтинг коллагеновый пробник COLLAGEN POWER LIFTING CREAM_1.5ml [Pouch] 1.5 мл"; "2000763423250"; "EYENLIP"; "12";"None"
"12"; "EYENLIP Маска для волос мини SUPER MAGIC HAIR TREATMENT [Sample] 13мл"; "8809555250555"; "EYENLIP"; "35";"None"
"13"; "EYENLIP Крем для лица с лососевым маслом SALMON OIL NUTRITION CREAM 15ml SAMPLE 15мл"; "2000763424554"; "EYENLIP"; "88";"https://beautyty.org/wp-content/uploads/2019/01/2000763424554_1.jpg"
"14"; "EYENLIP Крем для шеи с лососевым маслом пробник SALMON & PEPTIDE NUTRITION NECK CREAM 1.5ml [SAMPLE]"; "2000763425001"; "EYENLIP"; "12";"None"
"15"; "EYENLIP Крем для лица улиточный  SNAIL ALL IN ONE REPAIR CREAM 15ml  sample 15мл"; "2000763423939"; "EYENLIP"; "83";"https://beautyty.org/wp-content/uploads/2019/01/2000763423939.jpg"
"16"; "EYENLIP Маска очищающая с вулканической глиной пробник JEJU VOLCANIC CLAY TOKS BUBBLE PACK 2ml [SAMPLE] 2мл"; "2000763425094"; "EYENLIP"; "12";"https://beautyty.org/wp-content/uploads/2019/01/2000763425094_1.jpg"
"17"; "G9SKIN Пенка для умывания для проблемной кожи   AC SOLUTION FOAM CLEANSER (DELUXE SAMPLE) 20мл"; "8809211655557"; "G9SKIN"; "133";"https://beautyty.org/wp-content/uploads/2019/01/8809211655557_1.jpg"
"18"; "G9SKIN Гель для лица пробник G9 Grapefruit Vita Peeling Gel 2ml Pouch 2мл"; "2000763423816"; "G9SKIN"; "13";"None"
"19"; "G9SKIN Тинт-блеск для губ пробник 01 Mystique Lip Stamping Card - Flash Red  0,1гр"; "8809211654031"; "G9SKIN"; "65";"https://beautyty.org/wp-content/uploads/2019/01/8809211654031.jpg"
"20"; "G9SKIN Тинт-блеск для губ пробник 02 Mystique Lip Stamping Card - Virgin Pink 0,1гр"; "8809211654048"; "G9SKIN"; "65";"https://beautyty.org/wp-content/uploads/2019/01/8809211654048.jpg"
"21"; "G9SKIN Тинт-блеск для губ пробник 03 Mystique Lip Stamping Card - Tension Orange 0,1гр"; "8809211654055"; "G9SKIN"; "65";"https://beautyty.org/wp-content/uploads/2019/01/8809211654055.jpg"
"22"; "G9SKIN Маска для волос несмываемая пробник  NONI NO WASH HAIR PACK (DELUXE SAMPLE) 30гр"; "8809211655571"; "G9SKIN"; "156";"https://beautyty.org/wp-content/uploads/2019/01/8809211655571_1.jpg"
"23"; "G9SKIN Крем для лица осветляющий пробник G9 White in Whipping Cream 2ml Pouch 2мл"; "2000763423823"; "G9SKIN"; "13";"None"
"24"; "G9SKIN Крем для лица увлажняющий пробник G9 White In Moisture Cream 2ml Pouch 2мл"; "2000763423854"; "G9SKIN"; "13";"None"
"25"; "G9SKIN Маска для лица и тела осветляющая пробник G9 White In Creamy Pack 2ml Sample Pouch 2мл"; "2000763423830"; "G9SKIN"; "13";"None"
"26"; "G9SKIN Тонер для лица   WHITE IN MILK TONER (DELUXE SAMPLE) 50мл"; "8809211655670"; "G9SKIN"; "156";"https://beautyty.org/wp-content/uploads/2019/01/8809211655670_1.jpg"
"27"; "G9SKIN Тонер для лица осветляющий пробник G9 White In Milk Toner 2ml Sample Pouch 2мл"; "2000763423847"; "G9SKIN"; "14";"None"
"28"; "LADOR Шампунь для волос с аргановым маслом пробник Damaged Protector Acid Shampoo Pouch 10ml"; "2000763425674"; "LADOR"; "17";"None"
"29"; "LADOR Маска для волос восстанавливающая пробник 10 мл Eco Hydro Lpp Treatment pouch 10ml"; "8809500817284"; "LADOR"; "17";"None"
"30"; "LADOR Маска для волос восстанавливающая пробник 10 мл Eco Hydro Lpp Treatment pouch 10ml"; "2000763421881"; "LADOR"; "14";"None"
"31"; "LADOR Шампунь для волос кератиновый пробник KERATIN LPP SHAMPOO POUCH 10ML"; "8809500815594"; "LADOR"; "17";"None"
"32"; "LADOR Шампунь с натуральными ингредиентами пробник10мл Triplex Natural Shampoo pouch 10ml"; "2000763421874"; "LADOR"; "17";"None"
"33"; "LIOELE Крем от расширенных пор(пробник) Lioele C.A.D Oxygen Pore, Cream Pouch Sample 1мл"; "2000107730587"; "LIOELE"; "9";"None"
"34"; "LIOELE ББ крем Витаминная вуаль (пробник) Dollish Veil Vita BB, spf25 Pouch Sample (Violet) 1мл"; "2000763420693"; "LIOELE"; "14";"None"
"35"; "LIOELE Маска ночная увлажняющая (пробник) Lioele Waterdrop Sleeping Pack Pouch Sample 1гр"; "2000107730624"; "LIOELE"; "15";"None"
"36"; "NATURE REPUBLIC Крем для лица солнцезащитый пробник Nature Republic | (Sample)California Aloe Daily Sun Block Spf50+Pa++++"; "2000763425278"; "NATURE REPUBLIC"; "8";"None"
"37"; "NATURE REPUBLIC Маска для лица листовая с алоэ Nature Republi| (SAMPLE) CALIFORNIA ALOE VERA MASK SHEET 20мл"; "8806173442041"; "NATURE REPUBLIC"; "27";"None"
"38"; "NATURE REPUBLIC Эмульсия для лица с улиточным экстрактом пробник Nature Republic (Sample) Snail Solution Emulsion 5мл"; "2000763424943"; "NATURE REPUBLIC"; "21";"None"
"39"; "NATURE REPUBLIC Пенка для умывания пробник Nature Republic (Sample) Ginseng Royal Silk Foam Cleanser"; "2000763424967"; "NATURE REPUBLIC"; "10";"None"
"40"; "NATURE REPUBLIC Тональная основа пробник Nature Republic (Sample) Provence Air Skin Fit One Day Lasting Foundation P21 Rosy Vanilla Spf30pa++"; "2000763424974"; "NATURE REPUBLIC"; "7";"None"
"41"; "NATURE REPUBLIC Тонер для лица пробник Nature Republic | (SAMPLE)GINSENG ROYAL SILK TONER"; "2000763425353"; "NATURE REPUBLIC"; "65";"None"
"42"; "SEСRET KEY Гель с экстрактом лимона пробник Lemon Sparkling Peeling Gel (5ml) 5мл"; "2000763423571"; "SEСRET KEY"; "12";"https://beautyty.org/wp-content/uploads/2019/01/2000763423571.jpg"
"43"; "THE SAEM Тонер для лица (контроль чистоты и жирности кожи пробник) [5ml Sample] SEE & SAW AC Control Toner N25мл"; "8806164143971"; "THE SAEM"; "15";"None"
"44"; "THE SAEM Эмульсия для лица (контроль чистоты и жирности кожи) пробник [5ml Sample] SEE & SAW AC Control Emulsion 5мл"; "8806164143988"; "THE SAEM"; "17";"None"
"45"; "THE SAEM Маска для лица (кислородная с экстрактом жемчуга) пробник Gem Miracle Black Pearl O2 Bubble Mask-Sample(Pouch) 3мл"; "8806164148501"; "THE SAEM"; "13";"None"
"46"; "THE SAEM Крем для глаз антивозр пробник Cell Renew Bio Eye Cream - Sample N 1мл"; "8806164134276"; "THE SAEM"; "15";"https://beautyty.org/wp-content/uploads/2019/01/8806164134276.jpg"
"47"; "THE SAEM Тонер для лица антивозрастной пробник (5ml Sample) Cell Renew Bio Toner N 5мл"; "8806164134191"; "THE SAEM"; "20";"https://beautyty.org/wp-content/uploads/2019/01/8806164134191.jpg"
"48"; "THE SAEM Крем для чувствительной кожи пробник (Sample)DERMA PLAN Green Calming Cream_1.5ml"; "8806164163801"; "THE SAEM"; "12";"https://beautyty.org/wp-content/uploads/2019/01/8806164163801_1.jpg"
"49"; "THE SAEM Тонер для лица с экстрактом корня новозеландского льна пробник (Sample)Urban Eco Harakeke Root Toner_5ml"; "8806164151228"; "THE SAEM"; "17";"None"
"50"; "THE SAEM Эмульсия для лица питательная с экстрактом новозеландского льна пробник (5ml Sample) Urban Eco Harakeke Emulsion EX 5мл"; "8806164149164"; "THE SAEM"; "14";"None"
"51"; "THE SAEM Пенка для умывания пробник  (Sample)Phyto Seven Cleansing Foam_2.5ml"; "8806164165805"; "THE SAEM"; "10";"None"
"52"; "THE SAEM Крем для лица антивозрастной пробник (Sample) Snail Essential EX Wrinkle Solution Cream  1,5мл"; "8806164126356"; "THE SAEM"; "7";"https://beautyty.org/wp-content/uploads/2019/01/8806164126356.jpg"
"53"; "THE SAEM Тонер для лица антивозрастной пробник [5ml Sample]  Snail Essential EX Toner N 5мл"; "8806164143995"; "THE SAEM"; "20";"None"
"54"; "THE SAEM Эссенция антивозр. пробник (Sample) Snail Essential EX Wrinkle Solution Essence 1мл"; "8806164126349"; "THE SAEM"; "7";"https://beautyty.org/wp-content/uploads/2019/01/8806164126349.jpg"
"55"; "THE SAEM Крем для лица с экст. телопеи пробник (Sample)Urban Eco Waratah Cream_Pouch 1мл"; "8806164153109"; "THE SAEM"; "21";"None"
"56"; "THE SAEM Тонер с экстрактом телопеи пробник (Sample)Urban Eco Waratah Toner_5ml"; "8806164153086"; "THE SAEM"; "17";"None"
"57"; "TIAM Крем для лица пробник  Panthenol Moist Cream (sample) 1,2мл"; "2000763424257"; "TIAM"; "17";"None"
"58"; "WELCOS Маска для волос с маслом арганы пробник Confume Argan Treatment Hair Pack Pouch"; "2000763423953"; "WELCOS"; "15";"None"
"59"; "WELCOS Шампунь для волос c маслом арганы пробник Confume Argan Hair Shampoo Pouch"; "2000763423960"; "WELCOS"; "15";"None"
"60"; "WELCOS Пенка для лица очищающая пробник Green Tea Moist Cleansing Foam(Pouch) 2мл"; "2000763423700"; "WELCOS"; "7";"None"
"61"; "YADAH Набор миниатюр для лица  PURE GREEN POUCH"; "2000763422376"; "YADAH"; "24";"https://beautyty.org/wp-content/uploads/2019/01/2000763422376.jpg"
"62"; "YADAH Крем солнцезащитный пробник  OH MY SUN SCREEN POUCH 1мл"; "8809340383871"; "YADAH"; "13";"None"
"63"; "YADAH Крем-гель солнцезащитный пробник  SUN SLUSH POUCH 1мл"; "2000763422369"; "YADAH"; "12";"None"
